{

   "details": [
       {
			"Experiment": "",     
			"Lab": "",               
			"Discipline": "",				 
			"Technology": ""         
       }
   ],

   "developer": [
       {       
      "Developer": "",         
      "Institute": "",         
      "InstituteAcronym": ""   
       }
   ],

   "contributer": [
       {       
			"Contributer": "",             
      "Institute": "",               
			"InstituteAcronym": ""         
       },

       {       
			"Contributer": "",              
      "Institute": "",               
			"InstituteAcronym": ""         
       },

       {       
			"Contributer": "",             
      "Institute": "",               
			"InstituteAcronym": ""         
       },

       {       
			"Contributer": "",              
      "Institute": "",               
			"InstituteAcronym": ""         
       }
   ]

}